ordem,data,hora,dia,views,curtidas,comentarios,url,origem_views
1,02/09/2026,01:05:47,quarta-feira,998,,,https://www.instagram.com/reindeer.7441086/reel/DcxVndmuLLE/,card
2,02/09/2026,01:05:29,quarta-feira,723,,,https://www.instagram.com/reindeer.7441086/reel/DcxVl3NOzyZ/,card
3,02/09/2026,01:05:16,quarta-feira,1076,,,https://www.instagram.com/reindeer.7441086/reel/DcxVeSWuXNo/,card
4,02/09/2026,01:03:59,quarta-feira,1381,,,https://www.instagram.com/reindeer.7441086/reel/DcxVbJmudYW/,card
5,02/09/2026,01:03:51,quarta-feira,1353,,,https://www.instagram.com/reindeer.7441086/reel/DcxVZcGOLTc/,card
6,02/09/2026,01:03:24,quarta-feira,613,,,https://www.instagram.com/reindeer.7441086/reel/DcxVXPuOIU1/,card
7,02/09/2026,01:03:10,quarta-feira,898,,,https://www.instagram.com/reindeer.7441086/reel/DcxVVW2O4gi/,card
8,02/09/2026,01:03:01,quarta-feira,1009,,,https://www.instagram.com/reindeer.7441086/reel/DcxVNJEuDlU/,card
9,02/09/2026,01:01:37,quarta-feira,690,,,https://www.instagram.com/reindeer.7441086/reel/DcxVJX8uyEi/,card
10,02/09/2026,01:01:08,quarta-feira,1014,,,https://www.instagram.com/reindeer.7441086/reel/DcxVF6ju5Wa/,card
11,02/09/2026,01:00:41,quarta-feira,563,,,https://www.instagram.com/reindeer.7441086/reel/DcxVB2_upN4/,card
12,01/09/2026,22:50:39,terça-feira,6192,,,https://www.instagram.com/reindeer.7441086/reel/DcxGKSZssss/,card
13,01/09/2026,22:50:22,terça-feira,2558,,,https://www.instagram.com/reindeer.7441086/reel/DcxGFR-Mcex/,card
14,01/09/2026,22:49:39,terça-feira,2318,,,https://www.instagram.com/reindeer.7441086/reel/DcxGC5TMlge/,card
15,01/09/2026,22:49:22,terça-feira,1834,,,https://www.instagram.com/reindeer.7441086/reel/DcxGAJOMPRf/,card
16,01/09/2026,22:49:01,terça-feira,1747,,,https://www.instagram.com/reindeer.7441086/reel/DcxF0iqsC8u/,card
17,01/09/2026,22:46:46,terça-feira,1172,,,https://www.instagram.com/reindeer.7441086/reel/DcxFtEgspJ0/,card
18,01/09/2026,22:46:28,terça-feira,3662,,,https://www.instagram.com/reindeer.7441086/reel/DcxFqKeMvoN/,card
19,01/09/2026,22:45:40,terça-feira,3208,,,https://www.instagram.com/reindeer.7441086/reel/DcxFlJEM2J2/,card
20,01/09/2026,22:45:01,terça-feira,972,,,https://www.instagram.com/reindeer.7441086/reel/DcxFhtosRfw/,card
21,01/09/2026,22:44:49,terça-feira,838,,,https://www.instagram.com/reindeer.7441086/reel/DcxFe6oMztn/,card
22,01/09/2026,22:44:26,terça-feira,13200,,,https://www.instagram.com/reindeer.7441086/reel/DcxFZ1YsZb5/,card
23,01/09/2026,14:26:44,terça-feira,66000,,,https://www.instagram.com/reindeer.7441086/reel/DcwMSkjOQ7R/,card
24,01/09/2026,14:24:42,terça-feira,3875,,,https://www.instagram.com/reindeer.7441086/reel/DcwMOjMOeCM/,card
25,01/09/2026,14:24:07,terça-feira,3668,,,https://www.instagram.com/reindeer.7441086/reel/DcwMNLCOmrZ/,card
26,01/09/2026,14:23:57,terça-feira,5502,,,https://www.instagram.com/reindeer.7441086/reel/DcwML2AOZ8_/,card
27,01/09/2026,14:23:51,terça-feira,4019,,,https://www.instagram.com/reindeer.7441086/reel/DcwMJk5O7En/,card
28,01/09/2026,14:23:03,terça-feira,2801,,,https://www.instagram.com/reindeer.7441086/reel/DcwMFSAuKYT/,card
29,01/09/2026,14:22:50,terça-feira,8793,,,https://www.instagram.com/reindeer.7441086/reel/DcwMDIbOBlm/,card
30,01/09/2026,14:22:23,terça-feira,2469,,,https://www.instagram.com/reindeer.7441086/reel/DcwL_P4uS-V/,card
31,01/09/2026,14:22:00,terça-feira,4808,,,https://www.instagram.com/reindeer.7441086/reel/DcwL9JQugpb/,card
32,01/09/2026,14:21:35,terça-feira,2569,,,https://www.instagram.com/reindeer.7441086/reel/DcwL57IuTxd/,card
33,01/09/2026,14:21:13,terça-feira,4541,,,https://www.instagram.com/reindeer.7441086/reel/DcwL2JVu8Ma/,card
34,01/09/2026,13:26:25,terça-feira,1324,,,https://www.instagram.com/reindeer.7441086/reel/DcwFhhIupei/,card
35,01/09/2026,13:25:36,terça-feira,2431,,,https://www.instagram.com/reindeer.7441086/reel/DcwFfuduylt/,card
36,01/09/2026,13:25:22,terça-feira,2258,,,https://www.instagram.com/reindeer.7441086/reel/DcwFeg1ujR8/,card
37,01/09/2026,13:25:21,terça-feira,1107,,,https://www.instagram.com/reindeer.7441086/reel/DcwFclMObfj/,card
38,01/09/2026,13:24:29,terça-feira,1072,,,https://www.instagram.com/reindeer.7441086/reel/DcwFYWHOlKh/,card
39,01/09/2026,13:24:18,terça-feira,889,,,https://www.instagram.com/reindeer.7441086/reel/DcwFWNvOKOT/,card
40,01/09/2026,13:23:52,terça-feira,961,,,https://www.instagram.com/reindeer.7441086/reel/DcwFToMuQw9/,card
41,01/09/2026,13:23:41,terça-feira,2744,,,https://www.instagram.com/reindeer.7441086/reel/DcwFSNHOBRk/,card
42,01/09/2026,13:23:32,terça-feira,80100,,,https://www.instagram.com/reindeer.7441086/reel/DcwFPUNOcdX/,card
43,01/09/2026,11:53:45,terça-feira,10100,,,https://www.instagram.com/reindeer.7441086/reel/Dcv6--LO7eO/,card
44,01/09/2026,11:53:27,terça-feira,612,,,https://www.instagram.com/reindeer.7441086/reel/Dcv69HFu8XS/,card
45,01/09/2026,11:53:16,terça-feira,1605,,,https://www.instagram.com/reindeer.7441086/reel/Dcv67w_OttE/,card
46,01/09/2026,11:53:10,terça-feira,689,,,https://www.instagram.com/reindeer.7441086/reel/Dcv64ZDuVXg/,card
47,01/09/2026,11:52:15,terça-feira,825,,,https://www.instagram.com/reindeer.7441086/reel/Dcv60rBO5MS/,card
48,01/09/2026,11:52:02,terça-feira,1428,,,https://www.instagram.com/reindeer.7441086/reel/Dcv6y-HOENg/,card
49,01/09/2026,11:51:42,terça-feira,492,,,https://www.instagram.com/reindeer.7441086/reel/Dcv6wmvOKiL/,card
50,01/09/2026,11:51:30,terça-feira,3325,,,https://www.instagram.com/reindeer.7441086/reel/Dcv6tmzutFQ/,card
51,01/09/2026,11:50:58,terça-feira,30600,,,https://www.instagram.com/reindeer.7441086/reel/Dcv6pmKuUco/,card
